车牌,车架号,检测结果,机构,日期
京A88888,LSGAB52L100000001,合格,北京市北方车辆检测有限公司,2026-09-20
京C12345,LSGAB52L300000002,合格,北京市北方车辆检测有限公司,2026-09-20
沪D23456,LSGAB52L500000003,不合格,上海浦东机动车检测中心,2026-09-21
粤A34567,LSGAB52L700000004,合格,广州市安迅汽车检测站,2026-09-21
苏E45678,LSGAB52L900000005,合格,苏州市新城机动车检测有限公司,2026-09-22
津F11111,LSGAB52L000000006,合格,天津滨海机动车检测站,2026-09-22
沪B99999,LSGAB52L200000007,合格,上海浦东机动车检测中心,2026-09-22
浙A56789,LSGAB52L400000008,合格,杭州市车辆综合性能检测站,2026-09-22
鲁B67890,LSGAB52L600000009,合格,济南市槐荫机动车检测中心,2026-09-23
川A78901,LSGAB52L200000010,不合格,成都华府机动车检测有限公司,2026-09-23
鄂A89012,LSGAB52L400000011,合格,武汉黄浦机动车检测站,2026-09-23
粤B22222,LSGAB52L600000012,合格,深圳市深南汽车检测有限公司,2026-09-24
闽A13579,LSGAB52L800000013,合格,福州黄山机动车检测中心,2026-09-24
湘B24680,LSGAB52LX00000014,合格,长沙市城南机动车检测站,2026-09-24
豫A11223,LSGAB52L100000015,合格,郑州郑东新区车辆检测有限公司,2026-09-25
赣B33445,LSGAB52L300000016,不合格,南昌市青山湖机动车检测中心,2026-09-25
皖A55667,LSGAB52L500000017,合格,合肥蜀山机动车检测站,2026-09-25
桂A77889,LSGAB52L700000018,合格,南宁市竹溪机动车检测中心,2026-09-26
云A99001,LSGAB52L900000019,未检,昆明高新机动车检测有限公司,2026-09-26
京12345,LSGAB52L500000101,合格,北京市北方车辆检测有限公司,2026-09-20
津A22334,SHORT123,合格,天津滨海机动车检测站,2026-09-20
冀A33445,LSGAB52L700000102,待定,石家庄机动车检测中心,2026-09-21
晋A44556,LSGAB52L900000103,合格,,2026-09-21
蒙A55667,LSGAB52L000000104,合格,呼和浩特机动车检测站,2026/13/40
辽A66778,LSGAB52L300000002,合格,沈阳沈河机动车检测中心,2026-09-20
XX,BADVIN,合格,某检测站,not-a-date
